name,year,runtime,runtime_category,favorability_rounded,positive,neutral,negative,rating_normalized,country_normalized,genre_normalized
Harry Potter and the Goblet of Fire,2005,157.0,2,0.63,87,112,51,0,0,0
The 40-Year-Old Virgin,2005,116.0,2,0.69,40,45,18,1,1,1
Memoirs of a Geisha,2005,145.0,2,0.75,120,89,41,0,2,2
Pride & Prejudice,2005,129.0,2,0.83,93,98,19,2,2,2
Batman Begins,2005,140.0,2,0.84,128,97,25,0,0,3
The Descent,2005,99.0,1,0.49,90,68,92,1,0,0
Brokeback Mountain,2005,134.0,2,0.62,107,78,65,1,1,2
Sin City,2005,124.0,2,0.78,111,107,32,1,1,4
V for Vendetta,2005,132.0,2,0.71,83,134,34,1,1,3
Wedding Crashers,2005,119.0,2,0.63,17,21,10,1,1,1
War of the Worlds,2005,116.0,2,0.6,100,82,68,0,1,0
Kingdom of Heaven,2005,144.0,2,0.66,113,76,59,1,0,3
Constantine,2005,121.0,2,0.74,98,118,34,1,1,3
Star Wars: Episode III - Revenge of the Sith,2005,140.0,2,0.63,96,55,56,0,1,3
King Kong,2005,187.0,2,0.77,116,100,34,0,1,3
The Hitchhiker's Guide to the Galaxy,2005,109.0,2,0.7,97,112,42,2,0,0
Fantastic Four,2005,106.0,2,0.65,103,92,55,0,1,3
Fantastic Four,2015,100.0,1,0.65,103,92,55,0,1,3
Green Street Hooligans,2005,109.0,2,0.58,91,95,65,1,0,4
Serenity,2005,119.0,2,0.56,91,87,72,0,1,3
Serenity,2019,106.0,2,0.56,91,87,72,1,0,2
Mr. & Mrs. Smith,2005,120.0,2,0.68,91,117,42,0,1,3
The Island,1980,109.0,2,0.67,105,94,51,1,1,3
The Island,2005,136.0,2,0.67,105,94,51,0,1,3
Waiting...,2005,94.0,1,0.77,23,12,7,1,1,1
Match Point,2005,124.0,2,0.59,67,50,47,1,0,2
Hostel,2005,94.0,1,0.49,41,58,43,1,1,5
Assault on Precinct 13,2005,109.0,2,0.65,55,52,30,1,2,3
Hard Candy,2005,104.0,2,0.53,85,90,75,1,1,2
The Sisterhood of the Traveling Pants,2005,119.0,2,1.0,6,0,0,2,1,1
The Longest Yard,2005,113.0,2,0.75,12,11,4,0,1,1
Red Eye,2005,85.0,1,0.73,46,47,17,0,1,6
House of Wax,2005,113.0,2,0.62,104,83,64,1,3,5
Four Brothers,2005,109.0,2,0.77,64,167,19,1,1,3
The Dukes of Hazzard,2005,104.0,2,0.74,93,77,33,0,1,1
The Interpreter,2005,128.0,2,0.65,55,46,29,0,0,4
Walk the Line,2005,136.0,2,0.78,45,31,13,0,1,7
Lords of Dogtown,2005,107.0,2,0.83,53,46,11,0,1,7
Munich,2005,164.0,2,0.56,62,81,49,1,1,3
Kiss Kiss Bang Bang,2005,103.0,2,0.79,106,116,28,1,1,1
The Constant Gardener,2005,129.0,2,0.66,67,56,34,1,0,2
The Pacifier,2005,95.0,1,0.79,19,20,5,2,4,3
A History of Violence,2005,96.0,1,0.65,74,61,40,1,4,2
The Devil's Rejects,2005,107.0,2,0.5,1,0,1,1,1,5
Hitch,2005,118.0,2,0.72,74,147,29,0,1,1
Mirrormask,2005,101.0,2,0.8,4,6,1,2,0,0
Rent,2005,135.0,2,0.72,34,41,13,0,1,2
Robots,2005,91.0,1,0.73,16,12,6,2,1,8
Jarhead,2005,125.0,2,0.59,92,95,63,1,1,3
Into the Blue,2005,110.0,2,0.74,32,31,11,0,1,3
Saw II,2005,93.0,1,0.71,76,88,31,1,4,5
Revolver,2005,111.0,2,0.0,0,1,0,1,2,3
Coach Carter,2005,136.0,2,0.77,49,42,15,0,1,7
Dark Water,2005,105.0,2,0.54,93,79,78,0,1,2
Lord of War,2005,122.0,2,0.58,88,98,64,1,2,3
Zathura: A Space Adventure,2005,101.0,2,0.77,114,102,34,2,1,3
The Quiet,2005,96.0,1,0.66,129,56,65,1,1,4
The Amityville Horror,2005,90.0,1,0.59,58,65,40,1,1,5
Be Cool,2005,118.0,2,0.88,22,14,3,0,1,1
Just Friends,2005,96.0,1,0.75,128,80,42,0,5,1
"Yours, Mine & Ours",2005,88.0,1,1.0,2,6,0,2,1,1
Cinderella Man,2005,144.0,2,0.74,29,22,10,0,1,7
The Brothers Grimm,2005,118.0,2,0.58,25,29,18,0,1,3
Corpse Bride,2005,77.0,1,0.7,105,99,46,2,1,8
Transporter 2,2005,87.0,1,0.76,13,15,4,1,2,3
Two for the Money,2005,122.0,2,0.78,32,55,9,1,1,4
The New World,2005,135.0,2,0.73,110,100,40,0,1,7
Brick,2005,110.0,2,0.71,129,69,53,1,1,3
Wolf Creek,2005,99.0,1,0.58,98,82,70,1,3,5
Breakfast on Pluto,2005,128.0,2,0.78,69,96,20,1,6,1
The Exorcism of Emily Rose,2005,119.0,2,0.47,72,96,82,0,1,2
Elektra,2005,97.0,1,0.64,98,97,55,0,4,3
Doom,2005,105.0,2,0.62,96,96,58,1,0,3
The Legend of Zorro,2005,129.0,2,0.5,2,5,2,2,1,3
Cheaper by the Dozen 2,2005,94.0,1,0.62,8,3,5,2,1,0
Ã†on Flux,2005,93.0,1,0.64,25,21,14,0,1,3
Son of the Mask,2005,94.0,1,0.58,42,26,30,2,1,1
The Producers,2005,134.0,2,0.71,34,33,14,0,1,1
The Ringer,2005,94.0,1,0.6,12,20,8,0,1,1
The Cave,2005,97.0,1,0.68,72,71,34,0,1,3
Broken Flowers,2005,106.0,2,0.73,33,27,12,1,2,1
Fun with Dick and Jane,2005,90.0,1,0.71,82,77,33,0,1,1
Imagine Me & You,2005,90.0,1,0.79,81,45,21,1,0,1
The Family Stone,2005,103.0,2,0.53,48,24,42,0,1,1
Just Like Heaven,2005,95.0,1,0.79,42,36,11,0,1,1
Capote,2005,114.0,2,0.75,21,20,7,1,1,7
The Skeleton Key,2005,104.0,2,0.67,57,26,28,0,1,2
The Squid and the Whale,2005,81.0,1,0.76,13,16,4,1,1,1
Land of the Dead,2005,93.0,1,1.0,2,1,0,1,1,5
Man of the House,1995,96.0,1,0.96,26,22,1,2,1,1
Man of the House,2005,100.0,1,0.96,26,22,1,0,1,1
Elizabethtown,2005,123.0,2,0.82,80,59,17,0,1,1
Chicken Little,2005,81.0,1,0.68,72,143,34,3,1,8
Monster-in-Law,2005,101.0,2,0.72,115,89,44,0,1,1
Domino,2005,127.0,2,0.66,105,92,53,1,1,3
The Ring Two,2005,110.0,2,0.56,23,37,18,0,1,5
Harsh Times,2005,116.0,2,0.83,5,2,1,1,1,3
Herbie Fully Loaded,2005,101.0,2,0.79,30,27,8,3,1,0
Cursed,2005,97.0,1,0.65,54,167,29,0,5,1
xXx: State of the Union,2005,101.0,2,0.73,55,54,20,0,1,3
Derailed,2005,108.0,2,0.81,109,51,26,1,1,4
Romance & Cigarettes,2005,105.0,2,0.7,7,5,3,1,1,1
Unleashed,2005,103.0,2,0.79,78,69,21,1,0,3
Hustle & Flow,2005,116.0,2,0.76,13,32,4,1,1,4
The Fog,1980,89.0,1,0.62,82,50,51,1,1,5
The Fog,2005,100.0,1,0.62,82,50,51,0,1,5
Must Love Dogs,2005,98.0,1,0.0,0,2,0,0,1,1
The Ballad of Jack and Rose,2005,112.0,2,0.64,41,31,23,1,1,2
The Great Raid,2005,132.0,2,0.66,67,48,35,1,1,3
Venom,1981,92.0,1,0.69,102,103,45,1,0,5
Venom,2005,87.0,1,0.69,102,103,45,1,1,5
Venom,2018,112.0,2,0.69,102,103,45,0,7,3
Roll Bounce,2005,112.0,2,1.0,4,6,0,0,1,1
Alone in the Dark,2005,96.0,1,0.6,101,82,67,1,4,3
An American Haunting,2005,83.0,1,0.53,8,3,7,0,0,2
Supercross,2005,80.0,1,0.76,13,7,4,0,1,3
Oliver Twist,2005,130.0,2,0.64,44,45,25,0,2,4
White Noise,2005,101.0,2,0.48,74,96,80,0,0,2
Are We There Yet?,2005,95.0,1,0.69,76,140,34,2,1,0
The Protector,1985,91.0,1,0.56,90,90,70,1,8,3
The Protector,2005,111.0,2,0.56,90,90,70,1,9,3
Proof,1991,86.0,1,0.4,54,92,81,1,3,2
Proof,2005,100.0,1,0.4,54,92,81,0,1,2
Last Days,2005,97.0,1,0.55,97,74,79,1,1,2
Racing Stripes,2005,102.0,2,0.65,13,15,7,2,1,0
A Sound of Thunder,2005,110.0,2,0.54,85,54,71,0,10,3
Keeping Mum,2005,99.0,1,0.74,20,15,7,1,0,1
An Unfinished Life,2005,108.0,2,0.83,34,19,7,0,5,2
Boogeyman,2005,89.0,1,0.45,79,75,96,0,1,2
Fierce People,2005,107.0,2,0.84,64,36,12,1,1,2
Me and You and Everyone We Know,2005,91.0,1,0.86,24,26,4,1,1,1
Transamerica,2005,103.0,2,0.86,19,19,3,1,1,0
The Lost City,2005,144.0,2,0.65,116,72,62,1,1,2
Beauty Shop,2005,105.0,2,0.82,14,17,3,0,1,1
The Upside of Anger,2005,118.0,2,0.72,21,8,8,1,1,1
The Chumscrubber,2005,108.0,2,0.7,43,13,18,1,1,1
The Man,2005,83.0,1,0.74,37,21,13,0,1,3
Prime,2005,105.0,2,0.67,99,102,49,0,1,1
Manderlay,2005,139.0,2,0.53,19,27,17,4,11,2
Junebug,2005,106.0,2,0.67,8,5,4,1,1,1
Dominion,2005,117.0,2,0.45,71,91,88,1,1,2
Battle in Heaven,2005,98.0,1,0.38,3,3,5,5,12,4
Dreamer,2005,106.0,2,1.0,6,5,0,2,1,2
Black,2005,122.0,2,0.75,12,31,4,4,13,2
Factotum,2005,94.0,1,0.76,42,19,13,1,14,1
Beowulf & Grendel,2005,103.0,2,0.6,114,60,76,1,4,3
Joyeux Noel,2005,116.0,2,0.55,93,61,77,0,2,2
Dirty Love,2005,91.0,1,0.8,12,5,3,1,1,1
Everything Is Illuminated,2005,106.0,2,0.73,74,69,28,0,1,1
Thumbsucker,2005,96.0,1,1.0,10,7,0,1,1,1
Rebound,2005,86.0,1,0.5,1,6,1,2,1,1
The Departed,2006,151.0,2,0.77,121,93,37,1,1,4
The Fast and the Furious: Tokyo Drift,2006,104.0,2,0.61,98,89,63,0,1,3
Talladega Nights: the Ballad of Ricky Bobby,2006,108.0,2,0.73,32,37,12,0,1,1
The Prestige,2006,130.0,2,0.82,122,101,27,0,0,2
The Devil Wears Prada,2006,109.0,2,0.7,96,113,41,0,1,1
Casino Royale,2006,144.0,2,0.73,131,70,49,0,0,3
Pan's Labyrinth,2006,118.0,2,0.58,91,94,65,1,15,2
Pirates of the Caribbean: Dead Man's Chest,2006,151.0,2,0.65,24,32,13,0,1,3
Idiocracy,2006,84.0,1,0.61,71,84,45,1,1,0
Apocalypto,2006,139.0,2,0.78,123,93,34,1,1,3
She's the Man,2006,105.0,2,0.79,113,107,30,0,1,1
Little Children,2006,137.0,2,0.8,64,38,16,1,1,2
Children of Men,2006,109.0,2,0.66,101,98,52,1,1,0
The Da Vinci Code,2006,149.0,2,0.75,99,118,33,0,1,9
The Pursuit of Happyness,2006,117.0,2,0.8,111,112,27,0,1,7
Little Miss Sunshine,2006,101.0,2,0.79,52,42,14,1,1,1
The Last King of Scotland,2006,123.0,2,0.62,40,41,24,1,0,7
Blood Diamond,2006,143.0,2,0.7,112,91,47,1,1,0
The Lives of Others,2006,137.0,2,0.74,112,98,40,1,5,2
Marie Antoinette,2006,123.0,2,0.64,96,101,53,0,1,7
Inside Man,2006,129.0,2,0.88,45,199,6,1,1,4
Running Scared,1986,107.0,2,0.81,39,19,9,1,1,3
Running Scared,2006,122.0,2,0.81,39,19,9,1,5,3
Accepted,2006,93.0,1,0.72,104,107,40,0,1,1
Superman Returns,2006,154.0,2,0.75,126,83,41,0,1,3
Slither,2006,95.0,1,0.55,66,104,53,1,4,1
Nacho Libre,2006,92.0,1,0.87,39,33,6,2,1,1
The Covenant,2006,97.0,1,0.76,139,66,45,0,1,3
The Hills Have Eyes,2006,107.0,2,0.55,76,111,63,1,1,5
The Fountain,2006,97.0,1,0.74,117,91,42,0,4,2
X-Men: the Last Stand,2006,104.0,2,0.67,64,62,32,0,1,3
Underworld: Evolution,2006,106.0,2,0.81,29,23,7,1,1,3
Click,2006,107.0,2,0.63,102,89,59,0,1,1
The Holiday,2006,136.0,2,0.7,99,108,43,0,1,1
Silent Hill,2006,125.0,2,0.53,87,87,76,1,4,5
Basic Instinct 2,2006,114.0,2,0.54,33,43,28,1,0,2
The Black Dahlia,2006,121.0,2,0.38,3,6,5,1,1,4
Perfume: The Story of a Murderer,2006,147.0,2,0.79,120,99,31,1,5,4
Lucky Number Slevin,2006,110.0,2,0.81,73,37,17,1,1,4
Smokin' Aces,2006,108.0,2,0.75,100,118,33,1,0,3
Cashback,2006,102.0,2,0.81,128,92,30,1,0,1
Deja Vu,2006,126.0,2,0.71,98,111,41,0,1,3
Grandma's Boy,2006,94.0,1,0.78,128,85,37,1,1,1
RV,2006,99.0,1,0.83,40,34,8,2,0,0
Tenacious D in the Pick of Destiny,2006,93.0,1,0.63,12,6,7,1,1,0
Black Book,2006,145.0,2,0.69,118,78,54,1,16,2
Stick It,2006,103.0,2,0.87,148,79,23,0,5,1
Step Up,2006,104.0,2,0.79,121,96,32,0,1,4
Step Up,2010,107.0,2,0.79,121,96,32,0,1,2
The Host,2006,120.0,2,0.79,132,82,36,1,17,3
The Host,2013,125.0,2,0.79,132,82,36,0,1,3
Stranger Than Fiction,2006,113.0,2,0.85,111,119,20,0,1,1
Eragon,2006,104.0,2,0.61,113,64,73,2,1,3
Dreamgirls,2006,130.0,2,0.87,26,18,4,0,1,2
A Good Year,2006,117.0,2,0.88,63,39,9,0,1,1
Miami Vice,2006,132.0,2,0.71,118,83,49,1,5,3
Bug,2006,102.0,2,0.52,25,18,23,1,1,2
Notes on a Scandal,2006,92.0,1,0.77,130,81,39,1,0,4
Firewall,2006,105.0,2,0.0,0,1,0,0,1,3
Madea's Family Reunion,2006,107.0,2,1.0,3,15,0,0,1,1
The Foot Fist Way,2006,85.0,1,1.0,1,0,0,1,1,1
The Astronaut Farmer,2006,104.0,2,0.58,11,13,8,2,1,0
Mini's First Time,2006,91.0,1,0.84,26,15,5,1,1,1
Lonely Hearts,1982,106.0,2,0.86,12,9,2,1,3,1
Lonely Hearts,2006,108.0,2,0.86,12,9,2,1,5,7
A Guide to Recognizing Your Saints,2006,100.0,1,0.67,2,4,1,1,1,4
Everyone's Hero,2006,87.0,1,0.57,51,61,38,3,4,8
Severance,2006,96.0,1,0.66,31,23,16,1,0,1
Kabhi Alvida Naa Kehna,2006,193.0,2,0.8,143,71,36,4,13,2
Old Joy,2006,76.0,1,0.67,4,5,2,5,1,2
The Grudge 2,2006,102.0,2,0.52,80,96,74,0,1,5
For Your Consideration,2006,86.0,1,0.92,11,7,1,0,1,1
The Sentinel,2006,108.0,2,0.6,6,5,4,0,1,3
The Breed,2006,91.0,1,0.7,16,13,7,1,5,3
Skinwalkers,2006,110.0,2,0.5,3,8,3,1,4,3
Hoot,2006,91.0,1,0.77,108,110,33,2,1,0
There Will Be Blood,2007,158.0,2,0.71,85,82,35,1,1,2
No Country for Old Men,2007,122.0,2,0.62,110,73,67,1,1,4
Stardust,2007,127.0,2,0.82,92,90,20,0,0,0
Gone Baby Gone,2007,114.0,2,0.73,36,21,13,1,1,4
Disturbia,2007,105.0,2,0.75,112,101,37,0,1,4
Zodiac,2007,157.0,2,0.6,90,99,61,1,1,4
Superbad,2007,113.0,2,0.82,94,101,21,1,1,1
Transformers,2007,144.0,2,0.49,54,141,56,0,1,3
Harry Potter and the Order of the Phoenix,2007,138.0,2,0.7,107,98,45,0,0,3
Into the Wild,2007,148.0,2,0.68,120,73,57,1,1,0
Atonement,2007,123.0,2,0.53,96,70,84,1,0,2
American Gangster,2007,157.0,2,0.8,114,108,28,1,1,7
Spider-Man 3,2007,139.0,2,0.74,98,117,35,0,1,3
Live Free or Die Hard,2007,128.0,2,0.57,100,44,76,0,1,3
Hot Fuzz,2007,121.0,2,0.82,14,21,3,1,0,3
I Am Legend,2007,101.0,2,0.62,80,121,49,0,1,3
Sunshine,1999,181.0,2,0.61,20,41,13,1,5,2
Sunshine,2007,107.0,2,0.61,20,41,13,1,0,10
Juno,2007,96.0,1,0.6,92,97,61,0,1,1
28 Weeks Later,2007,100.0,1,0.49,33,38,35,1,0,5
Hitman,2007,100.0,1,0.71,105,103,42,1,2,3
The Mist,2007,126.0,2,0.39,73,63,114,1,1,5
Hairspray,1988,92.0,1,0.79,126,90,34,2,1,1
Hairspray,2007,117.0,2,0.79,126,90,34,2,1,1
Knocked Up,2007,129.0,2,0.73,112,97,41,1,1,1
Sweeney Todd: the Demon Barber of Fleet Street,2007,116.0,2,0.74,116,93,41,1,1,2
Ghost Rider,2007,110.0,2,0.55,74,116,61,0,1,3
Hot Rod,2007,88.0,1,0.83,52,48,11,0,1,1
The Darjeeling Limited,2007,91.0,1,0.81,126,96,29,1,1,0
Bridge to Terabithia,2007,96.0,1,0.47,81,77,93,2,1,2
The Nanny Diaries,2007,105.0,2,0.77,114,102,34,0,1,1
Funny Games,2007,111.0,2,0.45,80,71,99,1,1,4
Halloween,2007,109.0,2,0.59,100,81,69,1,1,5
Halloween,2018,106.0,2,0.59,100,81,69,1,1,4
Eastern Promises,2007,100.0,1,0.82,27,21,6,1,0,3
The Bourne Ultimatum,2007,115.0,2,0.68,65,57,31,0,1,3
Fracture,2007,113.0,2,0.76,26,12,8,1,1,4
Beowulf,2007,115.0,2,0.74,37,44,13,0,1,8
Next,2007,96.0,1,0.69,123,72,55,0,1,3
3:10 to Yuma,2007,122.0,2,0.69,114,84,52,1,1,3
Across the Universe,2007,133.0,2,0.68,100,104,46,0,1,2
Ocean's Thirteen,2007,122.0,2,0.69,24,31,11,0,1,4
Blades of Glory,2007,93.0,1,0.69,24,33,11,0,1,1
Surf's Up,2007,85.0,1,0.89,25,20,3,2,1,8
Resident Evil: Extinction,2007,94.0,1,0.66,52,53,27,1,2,3
30 Days of Night,2007,113.0,2,0.63,63,62,37,1,1,3
Awake,2007,84.0,1,0.46,75,88,87,1,1,4
Dead Silence,2007,89.0,1,0.47,72,98,80,1,1,5
Bee Movie,2007,91.0,1,0.79,101,122,27,2,1,8
The Heartbreak Kid,2007,116.0,2,0.73,16,16,6,1,1,1
Aliens vs. Predator: Requiem,2007,94.0,1,0.61,20,23,13,1,1,3
1408,2007,104.0,2,0.61,94,96,60,0,1,11
The Kingdom,2007,110.0,2,0.67,76,66,38,1,1,3
Good Luck Chuck,2007,96.0,1,0.66,78,72,40,1,1,1
Hostel: Part II,2007,94.0,1,0.51,21,30,20,1,1,5
The Golden Compass,2007,113.0,2,0.78,114,87,33,0,0,0
Rush Hour 3,2007,91.0,1,0.63,59,80,34,0,1,3
The Babysitters,2007,88.0,1,0.71,12,8,5,1,1,2
Timecrimes,2007,92.0,1,0.63,98,89,57,1,15,5
Meet the Robinsons,2007,95.0,1,0.74,100,115,36,3,1,8
Michael Clayton,2007,119.0,2,0.76,77,39,24,1,1,4
The Bucket List,2007,97.0,1,0.74,137,66,47,0,1,0
"Lust, Caution",2007,157.0,2,0.73,129,74,47,6,18,2
Charlie Wilson's War,2007,102.0,2,0.46,66,80,78,1,1,7
Paranormal Activity,2007,86.0,1,0.49,80,86,84,1,1,5
Freedom Writers,2007,123.0,2,0.73,110,99,41,0,5,7
Before the Devil Knows You're Dead,2007,117.0,2,0.8,8,0,2,1,1,4
In the Valley of Elah,2007,121.0,2,0.5,6,6,6,1,1,4
P.S. I Love You,2007,126.0,2,0.66,106,89,55,0,1,1
National Treasure: Book of Secrets,2007,124.0,2,0.85,17,15,3,2,1,3
Lars and the Real Girl,2007,106.0,2,0.73,108,103,39,0,1,1
The Orphanage,2007,105.0,2,0.63,105,81,61,1,15,2
Hannibal Rising,2007,121.0,2,0.64,124,56,70,1,10,3
Saw IV,2007,93.0,1,0.55,11,18,9,1,4,4
Premonition,2007,96.0,1,0.51,80,94,76,0,1,2
The Simpsons Movie,2007,87.0,1,0.78,88,138,25,0,1,8
Teeth,2007,94.0,1,0.56,85,98,67,1,1,3
Death at a Funeral,2007,90.0,1,0.75,133,73,44,1,1,1
Death at a Funeral,2010,92.0,1,0.75,133,73,44,1,1,1
Wild Hogs,2007,100.0,1,1.0,7,4,0,0,1,3
Mr. Brooks,2007,120.0,2,0.72,126,76,48,1,1,4
Mr. Bean's Holiday,2007,90.0,1,0.72,13,38,5,3,0,1
Burn After Reading,2008,96.0,1,0.82,141,79,31,1,1,1
Forgetting Sarah Marshall,2008,111.0,2,0.71,79,84,33,1,1,1
Seven Pounds,2008,123.0,2,0.75,97,78,33,0,1,2
In Bruges,2008,107.0,2,0.7,23,20,10,1,0,1
Sex and the City,2008,145.0,2,0.73,91,120,34,1,1,1
Slumdog Millionaire,2008,120.0,2,0.77,121,92,37,1,0,2
RocknRolla,2008,114.0,2,0.75,85,80,29,1,0,3
Gran Torino,2008,116.0,2,0.71,112,92,46,1,5,2
The Duchess,2008,110.0,2,0.73,71,52,26,0,0,7
The Reader,2008,124.0,2,0.68,17,8,8,1,5,2
The Hurt Locker,2008,131.0,2,0.66,111,82,57,1,1,2
Rambo,2008,92.0,1,0.73,112,97,41,1,5,3
The Happening,2008,91.0,1,0.58,90,96,64,1,1,2
The Wrestler,2008,109.0,2,0.7,132,62,56,1,1,2
Cloverfield,2008,85.0,1,0.66,107,89,54,0,1,3
Changeling,2008,141.0,2,0.59,10,12,7,1,1,7
Eagle Eye,2008,118.0,2,0.65,107,86,57,0,1,3
The Ruins,2008,90.0,1,0.53,64,85,56,1,1,0
The Other Boleyn Girl,2008,115.0,2,0.64,97,99,54,0,0,7
21,2008,123.0,2,0.76,29,39,9,0,1,4
Never Back Down,2008,113.0,2,0.73,115,92,43,0,1,3
The Mummy: Tomb of the Dragon Emperor,2008,112.0,2,0.54,97,72,81,0,1,3
Hancock,2008,92.0,1,0.77,30,33,9,0,1,3
Journey to the Center of the Earth,2008,93.0,1,0.84,107,122,21,2,1,3
Bolt,2008,96.0,1,0.79,53,68,14,2,1,8
Sex Drive,2008,109.0,2,0.8,128,90,32,1,1,1
Death Race,2008,105.0,2,0.67,105,94,52,1,1,3
Pineapple Express,2008,111.0,2,0.75,102,114,34,1,1,3
Valkyrie,2008,121.0,2,0.76,92,129,29,0,1,2
27 Dresses,2008,111.0,2,0.68,51,63,24,0,1,1
Let the Right One In,2008,114.0,2,0.71,121,79,50,1,19,4
Role Models,2008,99.0,1,0.76,34,47,11,1,5,1
Defiance,2008,137.0,2,0.62,104,81,65,1,1,3
"Definitely, Maybe",2008,112.0,2,0.87,125,107,18,0,0,1
The Forbidden Kingdom,2008,104.0,2,0.63,60,43,35,0,1,3
Bronson,2008,92.0,1,0.63,93,103,54,1,0,3
Australia,2008,165.0,2,0.72,94,75,36,0,0,0
Yes Man,2008,104.0,2,0.75,84,39,28,0,1,1
Body of Lies,2008,128.0,2,0.78,63,39,18,1,1,3
Disaster Movie,2008,87.0,1,0.4,71,74,105,0,1,1
Superhero Movie,2008,75.0,1,0.7,28,28,12,0,1,3
Jumper,2008,88.0,1,0.32,8,53,17,0,1,3
The Bank Job,2008,111.0,2,0.81,46,38,11,1,0,4
Street Kings,2008,109.0,2,0.67,108,89,53,1,1,3
Get Smart,2008,110.0,2,0.6,93,94,63,0,1,3
Punisher: War Zone,2008,103.0,2,0.57,108,59,83,1,1,3
You Don't Mess with the Zohan,2008,113.0,2,0.62,86,111,53,0,1,1
Hellboy II: the Golden Army,2008,120.0,2,0.5,1,1,1,0,1,3
"Synecdoche, New York",2008,124.0,2,0.63,37,37,22,1,1,2
Marley & Me,2008,115.0,2,0.6,91,99,60,2,1,1
Fool's Gold,2008,112.0,2,0.82,45,46,10,0,1,3
The Secret Life of Bees,2008,114.0,2,0.8,152,59,39,0,1,2
Nick and Norah's Infinite Playlist,2008,90.0,1,0.8,12,4,3,0,1,1
Doomsday,2008,105.0,2,0.5,81,88,81,1,0,3
Max Payne,2008,100.0,1,0.59,107,68,75,0,1,3
The Day the Earth Stood Still,2008,104.0,2,0.57,17,15,13,0,1,2
The Spirit,2008,103.0,2,0.52,91,76,83,0,1,3
Ghost Town,2008,102.0,2,0.67,8,15,4,0,1,1
Bottle Shock,2008,110.0,2,0.92,12,5,1,0,1,1
The Rocker,2008,102.0,2,0.79,72,48,19,0,1,1
Semi-Pro,2008,91.0,1,0.0,0,2,0,1,1,1
Repo! The Genetic Opera,2008,98.0,1,0.7,126,69,54,1,1,5
Outlander,2008,115.0,2,0.74,130,75,46,1,1,3
Saw V,2008,92.0,1,1.0,7,8,0,1,4,4
Miss Pettigrew Lives for a Day,2008,92.0,1,0.67,2,2,1,0,0,1
Hunger,2008,96.0,1,0.67,121,70,59,4,6,7
The Women,2008,114.0,2,0.64,113,55,64,0,1,1
Choke,2008,92.0,1,0.6,76,123,51,1,1,1
Doubt,2008,104.0,2,0.64,36,32,20,0,1,2
"10,000 BC",2008,109.0,2,0.55,11,25,9,0,1,3
The Midnight Meat Train,2008,100.0,1,0.62,43,33,26,1,1,5
Drillbit Taylor,2008,110.0,2,0.71,5,6,2,0,1,3
Made of Honor,2008,101.0,2,0.88,90,73,12,0,1,1
What Happens in Vegas,2008,99.0,1,0.61,28,83,18,0,1,1
The Brothers Bloom,2008,114.0,2,0.0,0,1,1,0,1,3
Inkheart,2008,106.0,2,0.7,123,74,53,2,5,0
Appaloosa,2008,115.0,2,0.5,2,7,2,1,1,3
Vantage Point,2008,90.0,1,0.67,92,112,46,0,1,3
Untraceable,2008,101.0,2,0.48,78,89,83,1,1,4
Red Cliff,2008,148.0,2,0.71,104,103,43,1,7,3
Sunshine Cleaning,2008,91.0,1,0.84,109,35,20,1,1,1
How to Lose Friends & Alienate People,2008,110.0,2,0.74,58,32,20,1,0,7
Transporter 3,2008,104.0,2,0.73,102,111,37,0,2,3
Prom Night,1980,92.0,1,0.55,56,52,45,1,4,5
Prom Night,2008,88.0,1,0.55,56,52,45,0,1,5
Rachel Getting Married,2008,113.0,2,0.72,97,63,38,1,1,2
Righteous Kill,2008,101.0,2,0.49,24,18,25,1,1,4
Leatherheads,2008,114.0,2,0.74,17,27,6,0,1,1
Meet the Spartans,2008,87.0,1,0.54,99,67,84,0,1,1
Star Wars: The Clone Wars,2008,98.0,1,0.63,105,84,62,2,1,8
Mirrors,2008,110.0,2,0.48,69,107,74,1,1,5
Baby Mama,2008,99.0,1,0.74,42,37,15,0,1,1
Whip It,2009,111.0,2,0.76,126,84,40,0,1,2
Couples Retreat,2009,113.0,2,0.89,39,34,5,0,1,1
Ondine,2009,111.0,2,0.94,15,8,1,0,6,2
Drag Me to Hell,2009,99.0,1,0.0,0,2,1,0,1,5
The Girl with the Dragon Tattoo,2009,152.0,2,0.74,133,70,47,1,19,4
The Girl with the Dragon Tattoo,2011,158.0,2,0.74,133,70,47,1,1,4
The Girl with the Dragon Tattoo,2009,152.0,2,0.74,133,70,47,1,19,4
The Girl with the Dragon Tattoo,2011,158.0,2,0.74,133,70,47,1,1,4
Extract,2009,92.0,1,0.61,89,105,56,1,1,1
The Men Who Stare at Goats,2009,94.0,1,0.64,102,92,57,1,1,1
Land of the Lost,2009,102.0,2,0.65,45,42,24,0,1,3
A Single Man,2009,99.0,1,0.78,81,52,23,1,1,2
Now & Later,2009,99.0,1,0.94,15,10,1,5,1,2
Pirate Radio,2009,117.0,2,0.75,45,26,15,1,0,1
Dragonball Evolution,2009,85.0,1,0.63,109,76,65,2,1,3
Spread,2009,97.0,1,0.8,4,7,1,1,1,1
Case 39,2009,109.0,2,0.62,101,88,61,1,1,5
The Taking of Pelham 123,2009,106.0,2,0.79,11,7,3,1,1,3
It's Complicated,2009,120.0,2,0.88,60,22,8,1,1,1
Halloween II,1981,92.0,1,0.57,33,26,25,1,1,5
Halloween II,2009,105.0,2,0.57,33,26,25,1,1,5
Chloe,2009,96.0,1,0.65,79,49,43,1,1,2
Agora,2009,127.0,2,0.44,76,79,95,1,15,0
The Joneses,2009,96.0,1,0.68,113,85,52,1,1,1
Daybreakers,2009,98.0,1,0.68,114,82,54,1,3,3
An Education,2009,100.0,1,0.81,135,71,32,0,0,2
Crazy Heart,2009,112.0,2,0.72,126,74,50,1,1,2
Crank: High Voltage,2009,96.0,1,0.63,89,108,53,1,1,3
The International,2009,118.0,2,0.73,41,32,15,1,1,3
The Uninvited,2009,87.0,1,0.58,11,18,8,0,1,2
My Bloody Valentine,1981,90.0,1,0.65,11,20,6,1,4,5
My Bloody Valentine,2009,101.0,2,0.65,11,20,6,1,1,5
Julie & Julia,2009,123.0,2,0.75,129,78,43,0,1,7
Confessions of a Shopaholic,2009,104.0,2,0.75,67,54,22,2,1,1
Race to Witch Mountain,2009,98.0,1,0.77,91,71,27,2,1,3
9,2009,79.0,1,0.69,94,114,42,0,1,8
The Young Victoria,2009,105.0,2,0.5,2,4,2,2,0,7
Splice,2009,104.0,2,0.54,13,26,11,1,4,2
A Prophet,2009,155.0,2,0.72,108,68,43,1,2,4
My Sister's Keeper,2009,109.0,2,0.58,15,8,11,0,1,2
Bride Wars,2009,89.0,1,0.69,59,58,26,2,1,1
Surrogates,2009,89.0,1,0.82,72,29,16,0,1,3
Valhalla Rising,2009,93.0,1,0.62,110,72,68,4,11,3
Funny People,2009,146.0,2,0.69,113,87,50,1,1,1
Saw VI,2009,90.0,1,0.59,101,79,70,1,4,5
Fish Tank,2009,123.0,2,0.63,92,79,54,4,16,2
Push,2009,111.0,2,0.76,102,116,32,0,1,3
After.Life,2009,104.0,2,0.51,100,55,95,1,1,2
Nine,2009,118.0,2,0.67,36,34,18,0,0,2
Obsessed,2009,108.0,2,0.58,102,74,74,0,1,2
Paul Blart: Mall Cop,2009,91.0,1,0.71,77,99,31,2,1,3
The Box,2009,115.0,2,0.59,75,122,53,0,1,2
Everybody's Fine,1990,118.0,2,0.69,70,39,31,0,20,2
Everybody's Fine,2009,99.0,1,0.69,70,39,31,0,1,0
"I Love You, Beth Cooper",2009,102.0,2,0.0,0,1,0,0,1,1
The Unborn,1991,83.0,1,0.56,85,98,67,1,1,2
The Unborn,2009,88.0,1,0.56,85,98,67,0,1,2
Thirst,2009,134.0,2,0.12,2,9,14,1,17,2
Notorious,2009,122.0,2,0.6,90,102,59,1,1,7
Serious Moonlight,2009,81.0,1,0.94,15,9,1,1,1,1
All About Steve,2009,99.0,1,0.68,109,89,52,0,1,1
Old Dogs,2009,88.0,1,0.81,154,60,36,2,1,1
Nowhere Boy,2009,98.0,1,0.59,26,46,18,1,0,7
The Girlfriend Experience,2009,77.0,1,0.69,106,97,47,1,1,2
The Girl Who Played with Fire,2009,129.0,2,0.67,28,26,14,1,19,3
Ghosts of Girlfriends Past,2009,100.0,1,0.75,67,69,22,0,1,1
The Haunting in Connecticut,2009,92.0,1,0.5,79,91,80,0,1,2
I Love You Phillip Morris,2009,98.0,1,0.75,131,76,43,1,2,7
Bad Lieutenant: Port of Call New Orleans,2009,122.0,2,0.52,50,41,46,1,1,4
Black Dynamite,2009,84.0,1,0.78,115,102,33,1,1,3
Brooklyn's Finest,2009,132.0,2,0.63,110,75,65,1,1,3
In the Loop,2009,106.0,2,0.66,123,64,63,4,0,1
The Boondock Saints II: All Saints Day,2009,118.0,2,0.58,61,69,44,1,1,3
Whatever Works,2009,93.0,1,0.81,71,45,17,0,1,1
Alvin and the Chipmunks: the Squeakquel,2009,88.0,1,0.75,6,25,2,2,1,8
12 Rounds,2009,108.0,2,0.72,46,35,18,0,1,3
Survival of the Dead,2009,90.0,1,0.5,31,23,31,1,1,1
Fame,1980,134.0,2,0.71,32,22,13,1,1,2
Fame,2009,107.0,2,0.71,32,22,13,2,1,1
I Am Love,2009,120.0,2,0.83,58,41,12,1,20,2
The House of the Devil,2009,95.0,1,0.59,60,40,42,1,1,5
Astro Boy,2009,94.0,1,0.66,81,128,41,2,8,8
Carriers,2009,84.0,1,0.46,67,104,80,0,1,0
My Life in Ruins,2009,95.0,1,0.81,163,49,38,0,1,1
G-Force,2009,88.0,1,0.11,1,3,8,2,1,8
Did You Hear About the Morgans?,2009,103.0,2,0.71,25,8,10,0,1,1
Away We Go,2009,98.0,1,0.82,27,18,6,1,1,0
Love Happens,2009,109.0,2,0.86,43,13,7,0,1,2
The Girl Who Kicked the Hornet's Nest,2009,147.0,2,0.67,118,73,59,1,19,4
Youth in Revolt,2009,90.0,1,0.8,131,86,33,1,1,1
Observe and Report,2009,86.0,1,1.0,4,4,0,1,1,1
Bright Star,2009,119.0,2,0.7,37,30,16,2,0,7
Harry Brown,2009,103.0,2,0.51,93,67,90,1,0,3
Duplicity,2009,125.0,2,0.47,14,20,16,0,1,1
The Pink Panther 2,2009,92.0,1,0.6,25,49,17,2,1,3
The Informant!,2009,108.0,2,0.7,7,12,3,1,1,7
The Answer Man,2009,95.0,1,0.75,53,25,18,1,1,1
Planet 51,2009,91.0,1,0.62,63,148,39,2,15,8
Crossing Over,2009,113.0,2,0.44,4,1,5,1,1,4
Madea Goes to Jail,2009,103.0,2,0.64,79,89,44,0,1,1
A Christmas Carol,2009,96.0,1,0.77,147,60,43,2,1,8
Sin Nombre,2009,96.0,1,0.63,79,85,46,1,12,0
City Island,2009,104.0,2,1.0,4,3,0,0,1,1
Coco Before Chanel,2009,105.0,2,0.68,73,57,35,0,2,7
Summer Wars,2009,114.0,2,0.68,19,9,9,2,21,8
The Messenger,2009,113.0,2,0.53,17,12,15,1,1,2
The Soloist,2009,117.0,2,0.92,11,6,1,0,0,7
World's Greatest Dad,2009,99.0,1,0.63,34,27,20,1,1,1
Whiteout,2009,101.0,2,0.67,10,12,5,1,1,3
Paper Man,2009,110.0,2,0.67,4,8,2,1,1,1
Let Me In,2010,116.0,2,0.78,122,94,35,1,0,2
Four Lions,2010,97.0,1,0.57,88,95,67,1,0,1
MacGruber,2010,90.0,1,0.68,38,23,18,1,1,3
Little White Lies,2010,154.0,2,0.82,45,20,10,4,2,1
Charlie St. Cloud,2010,99.0,1,0.6,84,71,57,0,1,2
Vanishing on 7th Street,2010,92.0,1,0.51,45,46,43,1,1,5
Barney's Version,2010,134.0,2,1.0,4,0,0,1,20,1
The Conspirator,2010,122.0,2,0.57,34,32,26,0,1,4
Furry Vengeance,2010,92.0,1,0.72,99,98,39,2,0,1
The Tempest,2010,110.0,2,0.65,41,21,22,0,1,1
Henry's Crime,2010,108.0,2,1.0,4,1,0,1,1,1
Extraordinary Measures,2010,106.0,2,0.73,24,29,9,2,1,2
Yogi Bear,2010,80.0,1,0.78,35,42,10,2,1,8
My Soul to Take,2010,107.0,2,0.68,132,57,61,1,1,5
Elle s'appelait Sarah,2010,111.0,2,0.0,0,2,2,0,2,2
The Warrior's Way,2010,100.0,1,0.57,90,92,68,1,22,3
The Trip,2010,112.0,2,0.82,164,51,35,4,0,1
Hesher,2010,106.0,2,0.68,100,89,48,1,1,2
For Colored Girls,2010,133.0,2,0.56,105,57,81,1,1,2
The Perfect Host,2010,93.0,1,1.0,17,13,0,1,1,1
Love Ranch,2010,117.0,2,0.67,22,14,11,1,5,7
Love Crime,2010,106.0,2,0.64,9,7,5,4,2,4
Passion Play,2010,94.0,1,0.59,105,72,73,1,1,2
Kaboom,2010,86.0,1,0.83,10,5,2,4,1,1
Everything Must Go,2010,97.0,1,0.73,58,115,21,1,1,2
Captain America: the First Avenger,2011,124.0,2,0.73,80,141,29,0,1,3
Thor,2011,115.0,2,0.84,124,102,24,0,1,3
Take Shelter,2011,120.0,2,0.62,118,60,73,1,1,2
Bridesmaids,2011,125.0,2,0.72,126,75,50,1,1,1
Fast Five,2011,130.0,2,0.66,106,90,54,0,1,3
Midnight in Paris,2011,94.0,1,0.76,120,92,38,0,15,1
Moneyball,2011,133.0,2,0.84,117,111,22,0,1,7
Just Go with It,2011,117.0,2,0.79,114,105,31,0,1,1
The Intouchables,2011,112.0,2,0.87,120,113,18,1,2,7
Drive,2011,100.0,1,0.73,90,126,34,1,1,4
Green Lantern,2011,114.0,2,0.71,115,87,48,0,1,3
The Cabin in the Woods,2011,95.0,1,0.49,94,59,97,1,1,5
The Help,2011,146.0,2,0.78,59,45,17,0,1,2
"Crazy, Stupid, Love.",2011,118.0,2,0.84,120,107,23,0,1,1
No Strings Attached,2011,108.0,2,0.77,37,33,11,1,1,1
Sucker Punch,2011,110.0,2,0.68,112,85,53,0,1,3
Warrior,2011,140.0,2,0.83,125,99,26,0,1,3
Friends with Benefits,2011,109.0,2,0.73,74,73,27,1,1,1
Immortals,2011,110.0,2,0.79,100,123,27,1,1,3
X-Men: First Class,2011,131.0,2,0.85,136,90,24,0,1,3
Contagion,2011,106.0,2,0.55,74,116,60,0,23,2
Bad Teacher,2011,92.0,1,0.71,91,121,38,1,1,1
In Time,2011,109.0,2,0.87,33,212,5,0,1,3
One Day,2011,107.0,2,0.67,128,58,64,0,1,2
Scream 4,2011,111.0,2,0.44,75,78,97,1,1,5
Shame,2011,101.0,2,0.63,113,70,67,6,0,2
Mission: Impossible - Ghost Protocol,2011,132.0,2,1.0,2,3,0,0,1,3
We Need to Talk About Kevin,2011,112.0,2,0.55,92,83,75,1,0,2
Limitless,2011,105.0,2,0.85,99,133,18,0,1,10
Unknown,2011,113.0,2,0.74,112,98,40,0,0,3
Transformers: Dark of the Moon,2011,154.0,2,0.7,47,81,20,0,1,3
Cowboys & Aliens,2011,119.0,2,0.71,93,120,38,0,1,3
Tinker Tailor Soldier Spy,2011,122.0,2,0.75,127,81,42,1,0,2
Conan the Barbarian,1982,129.0,2,0.73,124,80,46,1,1,3
Conan the Barbarian,2011,113.0,2,0.73,124,80,46,1,1,3
Melancholia,2011,135.0,2,0.64,52,62,29,1,11,2
Source Code,2011,93.0,1,0.7,114,88,48,0,1,3
Real Steel,2011,127.0,2,0.89,25,32,3,0,1,3
Horrible Bosses,2011,98.0,1,0.73,123,81,46,1,1,1
Rio,2011,96.0,1,0.83,74,160,15,2,1,8
The Skin I Live In,2011,120.0,2,0.65,55,59,30,1,15,2
Sherlock Holmes: A Game of Shadows,2011,129.0,2,0.82,113,112,25,0,1,3
The Three Musketeers,1993,105.0,2,0.65,94,105,51,2,24,3
The Three Musketeers,2011,110.0,2,0.65,94,105,51,0,1,3
Tower Heist,2011,104.0,2,0.75,116,95,39,0,1,3
Paul,2011,104.0,2,0.68,64,156,30,1,1,0
Rise of the Planet of the Apes,2011,105.0,2,0.7,49,34,21,0,1,3
Your Highness,2011,102.0,2,0.76,71,45,22,1,1,0
The Lincoln Lawyer,2011,118.0,2,0.82,128,94,28,1,1,4
Colombiana,2011,108.0,2,0.66,92,111,47,0,2,3
Larry Crowne,2011,98.0,1,0.8,20,14,5,0,1,1
Abduction,2011,106.0,2,0.71,94,118,38,0,1,3
A Separation,2011,123.0,2,0.83,133,89,28,0,25,2
Hugo,2011,126.0,2,0.79,107,115,28,2,0,2
The Adjustment Bureau,2011,106.0,2,0.81,79,42,19,0,1,12
10 Years,2011,100.0,1,0.75,103,112,35,0,1,1
The Tree of Life,2011,139.0,2,0.76,121,91,38,0,1,2
The Deep Blue Sea,2011,98.0,1,1.0,2,4,0,1,0,2
Killer Joe,2011,102.0,2,0.57,89,82,66,5,1,4
Jane Eyre,1996,112.0,2,0.74,129,75,46,2,2,2
Jane Eyre,2011,120.0,2,0.74,129,75,46,0,0,2
Kill the Irishman,2011,106.0,2,0.61,107,75,68,1,1,7
War Horse,2011,146.0,2,0.6,106,73,72,0,1,3
The Change-Up,2011,112.0,2,0.75,80,92,27,1,1,1
The Raid: Redemption,2011,101.0,2,0.74,82,77,29,1,26,3
Margin Call,2011,107.0,2,0.66,88,117,45,1,1,2
Martha Marcy May Marlene,2011,102.0,2,0.56,90,89,72,1,1,2
Hanna,2011,111.0,2,0.72,41,21,16,0,1,3
50/50,2011,100.0,1,0.68,50,15,23,1,1,1
The Descendants,2011,115.0,2,0.74,76,58,27,1,1,1
The Adventures of Tintin,2011,107.0,2,0.76,87,80,27,2,1,8
Final Destination 5,2011,92.0,1,0.48,77,89,84,1,1,3
You're Next,2011,95.0,1,0.57,97,79,74,1,1,5
The Sitter,2011,81.0,1,0.77,80,62,24,1,1,1
Frances Ha,2012,86.0,1,0.82,41,22,9,1,1,1
The Five-Year Engagement,2012,124.0,2,0.6,24,15,16,1,1,1
House at the End of the Street,2012,101.0,2,0.52,89,62,82,0,1,2
The Sessions,2012,95.0,1,0.8,8,6,2,1,1,7
The Three Stooges,2012,92.0,1,0.52,21,30,19,2,1,1
Think Like a Man,2012,122.0,2,0.74,126,79,45,0,1,1
The Vow,2012,104.0,2,0.83,152,66,32,0,1,2
Taken 2,2012,92.0,1,0.57,77,114,59,0,2,3
Compliance,2012,90.0,1,0.45,53,42,66,1,1,4
Rust and Bone,2012,120.0,2,0.73,124,74,47,1,2,2
The Company You Keep,2012,125.0,2,1.0,1,7,0,1,1,2
Hit and Run,2012,100.0,1,0.61,19,25,12,1,1,3
Act of Valor,2012,110.0,2,0.73,119,86,45,1,1,3
Passion,2012,102.0,2,0.66,100,98,52,1,2,0
On the Road,2012,124.0,2,0.75,113,82,38,1,2,0
Bullet to the Head,2012,92.0,1,0.75,51,45,17,1,1,3
LOL,2012,97.0,1,0.8,123,96,31,0,1,1
The First Time,2012,95.0,1,0.9,9,14,1,0,1,1
V/H/S,2012,116.0,2,0.43,61,51,80,1,1,5
No One Lives,2012,86.0,1,0.57,93,88,69,1,1,5
Mirror Mirror,2012,106.0,2,0.73,8,4,3,2,1,0
About Cherry,2012,98.0,1,0.61,67,92,43,1,1,2
Hitchcock,2012,98.0,1,0.76,13,14,4,0,1,7
The Lords of Salem,2012,101.0,2,0.36,16,6,28,1,1,5
Step Up Revolution,2012,99.0,1,0.67,2,8,1,0,1,2
Ruby Sparks,2012,104.0,2,0.72,120,83,47,1,1,1
The Paperboy,2012,107.0,2,0.62,115,64,71,1,1,4
The Possession,2012,92.0,1,0.56,78,109,62,0,1,5
Silent Hill: Revelation,2012,95.0,1,0.62,99,92,60,1,4,3
Safe,1995,119.0,2,0.78,125,85,36,1,0,2
Safe,2012,94.0,1,0.78,125,85,36,1,1,3
The Brass Teapot,2012,101.0,2,0.5,2,5,2,1,1,1
Alex Cross,2012,101.0,2,0.68,120,73,57,0,1,3
Amour,2012,127.0,2,0.56,59,69,46,0,24,2
What to Expect When You're Expecting,2012,110.0,2,0.73,40,30,15,0,1,1
Trouble with the Curve,2012,111.0,2,0.77,123,90,37,0,1,2
Here Comes the Boom,2012,105.0,2,0.83,124,100,25,2,1,3
The Collection,2012,82.0,1,0.59,17,17,12,1,1,5
John Dies at the End,2012,99.0,1,0.69,115,84,51,1,1,1
To Rome with Love,2012,112.0,2,0.6,6,4,4,1,1,1
The Giant Mechanical Man,2012,94.0,1,0.75,12,10,4,0,1,1
Contraband,2012,109.0,2,0.69,47,54,21,1,1,3
Red Lights,2012,114.0,2,0.69,90,88,41,1,15,2
Arbitrage,2012,107.0,2,0.61,99,85,64,1,1,2
The Man with the Iron Fists,2012,95.0,1,0.65,32,31,17,1,1,3
Cosmopolis,2012,109.0,2,0.48,92,57,101,1,4,4
The Campaign,2012,85.0,1,0.77,33,34,10,1,1,1
Frankenweenie,2012,87.0,1,0.55,81,103,66,2,1,8
A Royal Affair,2012,137.0,2,0.75,43,41,14,1,11,7
The Guilt Trip,2012,95.0,1,0.83,15,12,3,0,1,1
Stand Up Guys,2012,95.0,1,0.79,122,95,33,1,1,1
Deadfall,1993,98.0,1,0.74,56,35,20,1,1,4
Deadfall,2012,95.0,1,0.74,56,35,20,1,2,4
The Bay,2012,84.0,1,0.55,89,87,74,1,1,5
The Words,2012,102.0,2,0.72,84,133,33,0,1,2
The Broken Circle Breakdown,2012,111.0,2,0.67,73,59,36,4,27,2
Thanks for Sharing,2012,112.0,2,0.6,87,104,59,1,1,1
Starlet,2012,103.0,2,0.75,6,4,2,4,1,2
The Angels' Share,2012,101.0,2,0.77,130,64,38,1,0,1
Universal Soldier: Day of Reckoning,2012,114.0,2,0.53,92,76,82,1,1,3
Promised Land,1987,102.0,2,0.73,117,90,44,1,1,2
Promised Land,2012,106.0,2,0.73,117,90,44,1,1,2
Beasts of the Southern Wild,2012,93.0,1,0.66,122,66,62,0,1,0
Red Tails,2012,125.0,2,0.56,97,77,76,0,1,3
In the House,2012,105.0,2,0.74,42,48,15,1,2,2
The Cold Light of Day,2012,93.0,1,0.6,41,30,27,0,1,3
The Apparition,2012,82.0,1,0.54,82,81,71,0,1,5
To the Wonder,2012,112.0,2,0.74,143,56,50,1,1,2
Chasing Mavericks,2012,116.0,2,0.83,19,17,4,2,1,7
Bachelorette,2012,87.0,1,0.66,90,101,47,1,1,1
Lay the Favorite,2012,94.0,1,0.62,16,8,10,1,1,1
Kahaani,2012,122.0,2,0.9,100,115,11,4,13,9
Parental Guidance,2012,105.0,2,0.54,7,19,6,2,1,1
The Raven,2012,110.0,2,0.6,101,81,68,1,1,4
Liberal Arts,2012,97.0,1,0.69,20,24,9,0,1,1
Stolen,2012,96.0,1,0.61,97,90,63,1,1,3
Kon-Tiki,2012,118.0,2,0.76,64,86,20,0,0,0
Paranormal Activity 4,2012,88.0,1,0.38,6,19,10,1,1,5
Quartet,1981,101.0,2,0.75,80,50,26,1,0,2
Quartet,2012,98.0,1,0.75,80,50,26,0,0,1
28 Hotel Rooms,2012,82.0,1,0.54,30,27,26,4,1,2
Playing for Keeps,1986,102.0,2,0.61,97,93,61,0,1,1
Playing for Keeps,2012,105.0,2,0.61,97,93,61,0,1,1
Upside Down,2012,109.0,2,0.75,122,87,41,0,4,2
Great Expectations,1998,111.0,2,0.57,95,84,71,1,1,2
Great Expectations,2012,128.0,2,0.57,95,84,71,0,0,2
The Odd Life of Timothy Green,2012,105.0,2,0.91,50,35,5,2,1,1
Premium Rush,2012,91.0,1,0.66,83,125,42,0,1,3
Not Fade Away,2012,112.0,2,0.71,5,6,2,1,1,2
Disconnect,2012,115.0,2,0.7,131,64,55,1,1,2
Sightseers,2012,88.0,1,0.67,2,1,1,4,0,0
The Pirates! Band of Misfits,2012,88.0,1,0.67,49,52,24,2,0,8
Chernobyl Diaries,2012,86.0,1,0.47,71,98,81,1,1,5
Talaash,2012,140.0,2,0.82,126,93,28,4,13,4
Hope Springs,2012,100.0,1,0.81,154,59,37,0,1,1
People Like Us,2012,114.0,2,0.76,114,94,36,0,1,1
The ABCs of Death,2012,129.0,2,0.36,16,43,28,4,1,1
Vamps,2012,92.0,1,0.63,101,89,60,0,1,1
Bel Ami,2012,102.0,2,0.64,9,11,5,1,0,4
The Reluctant Fundamentalist,2012,130.0,2,0.77,81,64,24,1,1,2
Much Ado About Nothing,1993,111.0,2,0.84,46,34,9,0,0,1
Much Ado About Nothing,2012,109.0,2,0.84,46,34,9,0,1,1
Big Miracle,2012,107.0,2,0.62,112,68,70,2,1,7
The Green Inferno,2013,100.0,1,0.48,83,78,89,1,1,0
Don Jon,2013,90.0,1,0.77,92,131,27,1,1,1
Now You See Me,2013,115.0,2,0.73,105,108,38,0,1,4
Identity Thief,2013,111.0,2,0.67,108,88,54,1,1,1
How I Live Now,2013,101.0,2,0.65,92,108,50,1,0,3
Upstream Color,2013,96.0,1,0.61,70,84,44,4,1,2
Parkland,2013,93.0,1,0.45,73,87,90,0,1,2
A Field in England,2013,90.0,1,0.62,116,64,70,4,0,2
In Secret,2013,107.0,2,0.69,107,96,47,1,28,4
Paranoia,2013,106.0,2,0.67,111,85,54,0,1,2
The Past,2013,130.0,2,0.67,6,4,3,0,2,2
Breathe In,2013,98.0,1,0.74,142,58,50,1,1,2
V/H/S/2,2013,96.0,1,0.46,6,13,7,1,1,5
Knights of Badassdom,2013,86.0,1,0.72,119,85,46,1,1,3
The Congress,2013,122.0,2,0.63,59,59,35,4,29,8
The Fifth Estate,2013,128.0,2,0.59,104,75,71,1,1,7
Ida,2013,82.0,1,0.67,47,67,23,0,30,2
The Love Punch,2013,94.0,1,0.84,76,35,14,0,2,1
Tracks,2013,112.0,2,0.8,133,84,33,0,3,0
Bad Words,2013,89.0,1,0.8,8,6,2,1,1,1
In a World...,2013,93.0,1,0.8,4,9,1,1,1,1
Ain't Them Bodies Saints,2013,96.0,1,0.71,110,76,45,1,1,4
Man of Tai Chi,2013,105.0,2,0.86,12,4,2,1,1,3
The East,2013,116.0,2,0.71,30,14,12,0,0,4
The Lunchbox,2013,104.0,2,0.83,109,119,22,2,13,2
New World,2013,135.0,2,0.64,78,128,44,4,17,3
Charlie Countryman,2013,103.0,2,0.92,12,2,1,1,1,3
Getaway,2013,90.0,1,0.75,9,15,3,0,1,3
Guardians of the Galaxy,2014,121.0,2,0.75,113,100,37,0,1,3
Interstellar,2014,169.0,2,0.7,140,50,60,0,1,0
John Wick,2014,101.0,2,0.63,115,69,67,1,1,3
Edge of Tomorrow,2014,113.0,2,0.83,130,94,26,0,1,3
Gone Girl,2014,149.0,2,0.65,95,103,52,1,1,2
Captain America: The Winter Soldier,2014,136.0,2,0.79,135,79,36,0,1,3
The Grand Budapest Hotel,2014,99.0,1,0.84,147,76,27,1,1,0
Whiplash,2014,106.0,2,0.77,140,67,43,1,1,2
Kingsman: The Secret Service,2014,129.0,2,0.84,128,97,25,1,0,3
Ex Machina,2014,108.0,2,0.71,123,77,50,1,0,2
Divergent,2014,139.0,2,0.67,106,92,52,0,1,3
Nightcrawler,2014,117.0,2,0.71,115,87,48,1,1,4
The Hobbit: The Battle of the Five Armies,2014,144.0,2,0.79,137,77,36,0,22,0
The Equalizer,2014,132.0,2,0.67,106,91,53,1,1,3
The Maze Runner,2014,113.0,2,0.77,108,110,32,0,1,3
Lucy,2014,89.0,1,0.71,96,115,39,1,2,3
Chef,2014,114.0,2,0.9,108,130,12,1,1,0
What We Do in the Shadows,2014,86.0,1,0.78,134,78,38,1,22,1
The Imitation Game,2014,114.0,2,0.7,114,86,50,0,0,7
Fury,2014,134.0,2,0.72,115,90,45,1,1,3
X-Men: Days of Future Past,2014,132.0,2,0.79,143,69,38,0,1,3
Predestination,2014,97.0,1,0.67,101,99,50,1,3,3
The Purge: Anarchy,2014,103.0,2,0.55,93,82,76,1,1,3
It Follows,2014,100.0,1,0.53,93,73,84,1,1,5
Blended,2014,117.0,2,0.81,141,76,33,0,1,1
Hercules,1983,98.0,1,0.76,38,44,12,2,20,0
Hercules,1997,93.0,1,0.76,38,44,12,3,1,8
Hercules,2014,98.0,1,0.76,38,44,12,0,1,3
The Judge,2014,141.0,2,0.77,118,98,35,1,1,4
Annie,1982,127.0,2,0.67,112,80,56,2,1,1
Annie,2014,118.0,2,0.67,112,80,56,2,1,1
Godzilla,1998,139.0,2,0.66,101,97,52,0,21,3
Godzilla,2014,123.0,2,0.66,101,97,52,0,1,3
The Giver,2014,97.0,1,0.68,106,94,50,0,1,2
300: Rise of an Empire,2014,102.0,2,0.67,98,104,48,1,1,3
American Sniper,2014,133.0,2,0.5,79,94,78,1,1,3
"Love, Rosie",2014,102.0,2,0.74,129,76,45,1,5,1
The Amazing Spider-Man 2,2014,142.0,2,0.79,137,78,36,0,1,3
Maleficent,2014,97.0,1,0.78,112,107,32,2,1,3
Into the Woods,2014,125.0,2,0.67,116,77,57,2,1,0
Unbroken,2014,137.0,2,0.68,118,77,55,0,1,3
The Hunger Games: Mockingjay - Part 1,2014,123.0,2,0.63,86,114,50,0,1,3
Tusk,2014,102.0,2,0.47,68,106,77,1,4,1
Night at the Museum: Secret of the Tomb,2014,98.0,1,0.69,86,124,38,2,0,0
The Fault in Our Stars,2014,126.0,2,0.65,96,102,52,0,1,2
"As Above, So Below",2014,93.0,1,0.62,101,87,62,1,1,5
Annabelle,2014,99.0,1,0.61,65,144,41,1,1,5
Boyhood,2014,165.0,2,0.76,139,68,43,1,1,2
The Theory of Everything,2014,123.0,2,0.63,84,117,49,0,0,7
The Expendables 3,2014,126.0,2,0.63,95,100,55,0,2,3
The Interview,2014,112.0,2,0.61,89,105,56,1,1,3
The Drop,2014,106.0,2,0.76,133,75,42,1,1,4
Transformers: Age of Extinction,2014,165.0,2,0.7,90,68,38,0,1,3
Inherent Vice,2014,148.0,2,0.81,135,84,31,1,1,1
Neighbors,1981,94.0,1,0.65,80,83,43,1,1,1
Neighbors,2014,97.0,1,0.65,80,83,43,1,1,1
The Babadook,2014,94.0,1,0.5,85,82,84,4,3,2
Sex Tape,2014,94.0,1,0.57,82,106,61,1,1,1
The Other Woman,2014,109.0,2,0.7,96,112,42,0,1,1
Wild Tales,2014,122.0,2,0.74,98,117,35,1,31,1
Wild,2014,115.0,2,0.72,43,34,17,1,1,0
Foxcatcher,2014,134.0,2,0.65,106,86,58,1,1,7
The Guest,2014,100.0,1,0.67,112,82,56,1,1,3
Teenage Mutant Ninja Turtles,1990,93.0,1,0.65,96,103,51,2,1,3
Teenage Mutant Ninja Turtles,2014,101.0,2,0.65,96,103,51,0,1,3
RoboCop,1987,102.0,2,0.86,72,107,12,1,1,3
RoboCop,2014,117.0,2,0.86,72,107,12,0,1,3
22 Jump Street,2014,112.0,2,0.75,108,106,36,1,1,3
Dawn of the Planet of the Apes,2014,130.0,2,0.74,66,161,23,0,1,3
Sin City: A Dame to Kill for,2014,102.0,2,0.56,98,76,76,1,1,3
Brick Mansions,2014,90.0,1,0.55,72,118,59,0,2,3
Vampire Academy,2014,104.0,2,0.61,112,66,72,0,1,3
The Monuments Men,2014,118.0,2,0.65,13,17,7,0,1,1
Honeymoon,2014,87.0,1,0.5,2,2,2,1,1,2
Dumb and Dumber to,2014,109.0,2,0.62,95,98,57,0,1,1
Before We Go,2014,95.0,1,0.83,133,89,28,0,1,1
How to Train Your Dragon 2,2014,102.0,2,0.67,86,121,43,2,1,8
Noah,2014,138.0,2,0.69,100,106,44,0,1,3
A Walk Among the Tombstones,2014,114.0,2,0.59,77,61,53,1,1,3
Need for Speed,2014,132.0,2,0.69,85,127,38,0,1,3
Seventh Son,2014,102.0,2,0.56,93,85,73,0,1,3
Exodus: Gods and Kings,2014,150.0,2,0.69,91,118,41,0,0,3
A Million Ways to Die in the West,2014,116.0,2,0.71,114,91,46,1,1,1
The Best of Me,2014,118.0,2,0.59,100,81,69,0,1,2
Demolition,2015,101.0,2,0.72,121,82,47,1,1,1
Daddy's Home,2015,96.0,1,0.7,94,69,41,0,1,1
Mr. Right,2015,95.0,1,0.8,148,64,38,1,1,3
Magic Mike XXL,2015,115.0,2,0.61,65,143,42,1,1,1
The DUFF,2015,101.0,2,0.75,114,97,39,0,1,1
Trumbo,2015,124.0,2,0.68,106,94,51,1,1,7
Knight of Cups,2015,118.0,2,0.62,125,49,76,1,1,2
The Stanford Prison Experiment,2015,122.0,2,0.52,88,82,80,1,1,7
The Longest Ride,2015,123.0,2,0.89,140,92,18,0,1,2
Victor Frankenstein,2015,110.0,2,0.75,105,110,35,0,0,2
Insidious: Chapter 3,2015,97.0,1,0.5,70,111,69,0,4,5
Goosebumps,2015,103.0,2,0.72,94,119,37,2,1,0
Aloha,2015,105.0,2,0.64,106,84,60,0,1,1
A Bigger Splash,2015,125.0,2,0.78,18,13,5,1,20,2
The Wedding Ringer,2015,101.0,2,0.66,108,85,55,1,1,1
Sisters,2015,118.0,2,0.75,117,95,38,1,1,1
Secret in Their Eyes,2015,111.0,2,0.75,73,49,24,0,1,4
Irrational Man,2015,95.0,1,0.75,18,6,6,1,1,1
Wild Card,2015,92.0,1,0.81,124,87,29,1,1,3
Paper Towns,2015,109.0,2,0.79,123,95,32,0,1,0
The Lady in the Van,2015,104.0,2,0.84,144,78,28,0,0,7
Child 44,2015,137.0,2,0.61,104,79,67,1,10,4
The Wave,2015,105.0,2,0.58,87,101,63,1,14,3
A Man Called Ove,2015,116.0,2,0.88,70,32,10,0,19,1
Beasts of No Nation,2015,137.0,2,0.63,95,99,56,7,1,2
Me and Earl and the Dying Girl,2015,105.0,2,0.68,127,64,59,0,1,1
Sleeping with Other People,2015,101.0,2,0.69,121,74,54,1,1,1
Concussion,2015,123.0,2,0.68,109,89,52,0,0,7
The Diary of a Teenage Girl,2015,102.0,2,0.82,18,30,4,1,1,1
The Walk,2015,123.0,2,0.67,109,87,54,2,1,3
Tangerine,2015,88.0,1,0.76,122,89,39,1,1,1
A Walk in the Woods,2015,104.0,2,0.77,135,75,40,1,1,0
Sinister 2,2015,97.0,1,0.52,86,85,79,1,1,5
Summertime,2015,105.0,2,0.76,110,105,35,4,2,2
Anomalisa,2015,90.0,1,0.61,103,80,67,1,0,8
The Blackcoat's Daughter,2015,93.0,1,0.48,98,46,106,1,4,5
Mississippi Grind,2015,108.0,2,0.88,21,11,3,1,1,1
Attack on Titan Part 1,2015,98.0,1,0.46,47,148,55,4,21,3
Woman in Gold,2015,109.0,2,0.68,61,63,29,0,0,7
Eddie the Eagle,2015,106.0,2,0.86,138,89,23,0,0,7
Eye in the Sky,2015,102.0,2,0.4,67,82,101,1,0,3
The Second Best Exotic Marigold Hotel,2015,122.0,2,0.84,141,72,27,2,0,1
Tumbledown,2015,105.0,2,0.74,111,75,38,1,1,1
Poltergeist,1982,114.0,2,0.57,87,97,66,2,1,5
Poltergeist,2015,93.0,1,0.57,87,97,66,0,1,5
The Meddler,2015,103.0,2,1.0,3,1,0,0,1,1
We Are Your Friends,2015,96.0,1,0.77,110,107,33,1,0,2
Into the Forest,2015,101.0,2,0.46,92,52,106,1,4,2
Grandma,2015,79.0,1,0.71,99,53,41,1,1,1
Bajirao Mastani,2015,158.0,2,0.92,117,123,10,4,13,3
By the Sea,2015,122.0,2,0.53,51,39,46,1,2,2
Mortdecai,2015,107.0,2,0.77,54,33,16,1,0,3
I'll See You in My Dreams,2015,92.0,1,0.83,45,25,9,0,1,1
Maggie,2015,95.0,1,0.61,87,108,55,0,1,2
Project Almanac,2015,106.0,2,0.79,22,26,6,0,1,2
Regression,2015,106.0,2,0.56,77,113,60,1,15,4
True Story,2015,99.0,1,0.56,41,41,32,1,1,7
The Man Who Knew Infinity,2015,108.0,2,0.73,99,115,36,0,0,7
The Transporter Refueled,2015,96.0,1,0.51,79,94,77,0,2,3
Z for Zachariah,2015,98.0,1,0.8,8,22,2,0,32,2
Equals,2015,101.0,2,0.76,76,149,24,0,1,2
Dope,2015,103.0,2,0.77,107,111,32,1,1,0
Land of Mine,2015,100.0,1,0.51,78,96,76,1,11,2
Hot Pursuit,1987,93.0,1,0.82,67,55,15,0,1,1
Hot Pursuit,2015,87.0,1,0.82,67,55,15,0,1,3
Krampus,2015,98.0,1,0.59,91,97,62,0,1,1
Bajrangi Bhaijaan,2015,163.0,2,0.94,109,134,7,4,13,3
The Lure,2015,92.0,1,0.65,64,77,35,4,30,2
The Gunman,2015,115.0,2,0.66,116,73,60,1,1,3
The Night Before,2015,101.0,2,0.73,97,118,35,1,1,1
90 Minutes in Heaven,2015,121.0,2,0.54,104,59,87,0,1,2
Tale of Tales,2015,134.0,2,0.61,97,91,62,1,20,2
Ip Man 3,2015,105.0,2,0.6,72,129,49,0,7,3
"McFarland, USA",2015,129.0,2,0.75,128,76,43,2,1,7
Rock the Kasbah,2015,106.0,2,0.62,107,78,65,1,1,1
The Sea of Trees,2015,110.0,2,0.62,106,79,65,0,1,2
The Lazarus Effect,2015,83.0,1,0.52,85,86,79,0,1,5
Love the Coopers,2015,107.0,2,0.83,5,8,1,0,1,1
The 33,2015,127.0,2,0.62,77,125,48,0,33,7
The Little Prince,2015,108.0,2,0.7,117,83,50,2,2,8
Louder Than Bombs,2015,109.0,2,0.67,91,115,45,1,14,2
The Gallows,2015,81.0,1,0.45,73,83,91,1,1,5
The Ones Below,2015,87.0,1,0.54,69,69,59,1,0,2
Southbound,2015,89.0,1,0.51,100,53,96,1,1,5
Men & Chicken,2015,104.0,2,0.58,7,3,5,4,11,1
Hyena Road,2015,120.0,2,0.57,86,87,65,1,4,3
Slow West,2015,84.0,1,0.75,124,85,41,1,0,3
The End of the Tour,2015,106.0,2,0.62,5,3,3,1,1,7
Cop Car,2015,88.0,1,0.55,26,34,21,1,1,4
Jem and the Holograms,2015,118.0,2,0.52,82,92,77,2,1,0
Cemetery of Splendor,2015,122.0,2,0.8,4,6,1,5,9,2
Captive,2015,97.0,1,0.0,0,1,0,0,1,3
Our Brand Is Crisis,2015,107.0,2,0.63,97,95,58,1,1,1
Unfinished Business,2015,91.0,1,0.75,123,87,40,1,1,1
Hot Tub Time Machine 2,2015,93.0,1,0.62,101,86,63,1,1,1
Ricki and the Flash,2015,101.0,2,0.67,111,82,54,0,1,1
Mr. Holmes,2015,104.0,2,0.75,112,101,37,2,0,2
45 Years,2015,91.0,1,0.67,30,13,15,1,0,2
Mother's Day,2016,118.0,2,0.73,104,108,38,0,1,1
The Magnificent Seven,2016,132.0,2,0.73,120,85,45,0,1,3
Captain America: Civil War,2016,147.0,2,0.69,110,90,50,0,1,3
Don't Breathe,2016,88.0,1,0.53,88,83,79,1,1,4
A United Kingdom,2016,111.0,2,0.75,24,15,8,0,10,7
Julieta,2016,99.0,1,0.65,13,8,7,1,15,2
Buster's Mal Heart,2016,96.0,1,0.69,92,116,42,5,1,4
Complete Unknown,2016,91.0,1,0.65,88,114,48,1,1,2
This Beautiful Fantastic,2016,92.0,1,0.83,123,102,25,2,0,1
Incarnate,2016,87.0,1,0.6,97,87,66,0,1,5
The Innocents,2016,115.0,2,0.65,87,48,46,0,2,2
Thor: Ragnarok,2017,130.0,2,0.75,113,101,37,0,1,3
Darkest Hour,2017,125.0,2,0.43,73,82,96,0,0,7
The Hitman's Bodyguard,2017,118.0,2,0.58,88,99,63,1,1,3
It,2017,135.0,2,0.67,89,117,44,1,1,5
Spider-Man: Homecoming,2017,133.0,2,0.67,111,85,54,0,1,3
Blade Runner 2049,2017,164.0,2,0.63,88,111,51,1,1,3
Guardians of the Galaxy Vol. 2,2017,136.0,2,0.81,120,102,28,0,1,3
Jumanji: Welcome to the Jungle,2017,119.0,2,0.77,118,96,36,0,1,3
Baywatch,2017,116.0,2,0.75,96,122,32,1,0,3
Home Again,2017,97.0,1,0.72,106,103,41,0,1,1
The Fate of the Furious,2017,136.0,2,0.55,89,89,72,0,7,3
Get Out,2017,104.0,2,0.59,99,83,68,1,1,5
Dunkirk,2017,106.0,2,0.59,84,107,59,0,0,3
Baby Driver,2017,113.0,2,0.66,99,101,50,1,0,3
Logan,2017,137.0,2,0.83,126,99,25,1,1,3
Wonder Woman,2017,141.0,2,0.8,103,123,25,0,1,3
Alien: Covenant,2017,122.0,2,0.51,70,114,67,1,1,5
John Wick: Chapter 2,2017,122.0,2,0.65,84,120,46,1,1,3
Wonder,2017,113.0,2,0.76,117,96,37,2,1,2
Justice League,2017,120.0,2,0.62,86,112,52,0,1,3
Mother!,2017,121.0,2,0.49,88,69,93,1,1,2
Pirates of the Caribbean: Dead Men Tell No Tales,2017,129.0,2,0.63,98,94,58,0,1,3
The Shape of Water,2017,123.0,2,0.77,127,85,38,1,1,0
Disobedience,2017,114.0,2,0.72,113,92,45,1,6,2
Kong: Skull Island,2017,118.0,2,0.72,99,113,38,0,1,3
Kingsman: The Golden Circle,2017,141.0,2,0.77,123,91,36,1,0,3
"Three Billboards Outside Ebbing, Missouri",2017,115.0,2,0.67,14,4,7,1,0,1
Beast,2017,107.0,2,0.39,67,79,104,1,0,4
"I, Tonya",2017,119.0,2,0.67,105,95,51,1,1,7
Atomic Blonde,2017,115.0,2,0.76,117,96,37,1,1,3
Wind River,2017,107.0,2,0.66,128,55,67,1,0,4
Murder on the Orient Express,2017,114.0,2,0.65,104,91,55,0,34,4
King Arthur: Legend of the Sword,2017,126.0,2,0.78,155,52,43,0,0,3
Lady Bird,2017,94.0,1,0.74,125,80,45,1,1,1
The Killing of a Sacred Deer,2017,121.0,2,0.39,81,43,127,1,6,2
Logan Lucky,2017,118.0,2,0.69,118,80,52,0,1,1
Fifty Shades Darker,2017,118.0,2,0.65,91,109,50,1,1,2
Happy Death Day,2017,96.0,1,0.62,87,109,54,0,1,1
Transformers: The Last Knight,2017,154.0,2,0.56,90,90,70,0,1,3
Good Time,2017,102.0,2,0.76,141,64,45,1,1,4
Ghost in the Shell,1995,83.0,1,0.66,118,71,61,7,21,8
Ghost in the Shell,2017,107.0,2,0.66,118,71,61,0,1,3
Molly's Game,2017,140.0,2,0.84,135,89,26,1,7,7
Hostiles,2017,134.0,2,0.72,136,60,54,1,1,2
Valerian and the City of a Thousand Planets,2017,136.0,2,0.72,129,72,49,0,2,3
The Dark Tower,2017,95.0,1,0.57,93,88,69,0,1,3
Pitch Perfect 3,2017,93.0,1,0.7,108,96,46,0,1,1
American Assassin,2017,111.0,2,0.65,107,86,57,1,1,3
You Were Never Really Here,2017,89.0,1,0.58,108,64,78,1,0,4
The Florida Project,2017,111.0,2,0.64,116,70,64,1,1,2
Life,1999,108.0,2,0.52,86,86,78,1,1,1
Life,2017,104.0,2,0.52,86,86,78,1,0,5
Gifted,2017,101.0,2,0.78,116,101,33,0,1,2
Phantom Thread,2017,130.0,2,0.75,118,93,39,1,1,2
The Upside,2017,126.0,2,0.73,127,76,47,0,1,1
Berlin Syndrome,2017,116.0,2,0.62,94,99,57,1,3,2
Annabelle: Creation,2017,109.0,2,0.52,71,114,65,1,1,5
American Made,2017,115.0,2,0.68,118,76,56,1,1,3
War for the Planet of the Apes,2017,140.0,2,0.57,84,103,63,0,1,3
Geostorm,2017,109.0,2,0.67,86,122,42,0,1,3
The Circle,2017,110.0,2,0.54,81,101,68,0,23,2
Rough Night,2017,101.0,2,0.64,98,98,54,1,1,1
xXx: Return of Xander Cage,2017,107.0,2,0.81,99,128,23,0,7,3
The Mummy,1999,124.0,2,0.64,103,89,58,0,1,3
The Mummy,2017,110.0,2,0.64,103,89,58,0,1,3
CHIPS,2017,100.0,1,0.53,91,77,82,1,1,3
Only the Brave,2017,134.0,2,0.65,99,63,53,0,1,3
The Beguiled,2017,93.0,1,0.63,104,84,62,1,1,2
The Glass Castle,2017,127.0,2,0.69,72,43,33,0,1,7
Papillon,2017,133.0,2,0.76,112,103,35,1,1,0
The Big Sick,2017,120.0,2,0.72,126,77,48,1,1,1
The Endless,2017,111.0,2,0.69,123,72,55,4,1,2
Thoroughbreds,2017,92.0,1,0.65,120,64,66,1,1,1
The Foreigner,2017,113.0,2,0.67,114,81,55,1,0,3
Revenge,1990,124.0,2,0.62,81,119,49,1,1,3
Revenge,2017,108.0,2,0.62,81,119,49,1,2,3
Jigsaw,2017,92.0,1,0.63,82,120,48,1,4,4
The Snowman,2017,119.0,2,0.39,64,87,99,1,0,4
The Disaster Artist,2017,104.0,2,0.76,120,93,37,1,1,7
47 Meters Down,2017,89.0,1,0.59,98,83,69,0,0,0
The Post,2017,116.0,2,0.64,83,121,46,0,1,2
"Everything, Everything",2017,96.0,1,0.82,117,107,26,0,1,2
A Ghost Story,2017,92.0,1,0.57,111,55,84,1,1,2
Sweet Virginia,2017,93.0,1,0.88,37,23,5,1,4,3
Power Rangers,2017,124.0,2,0.66,97,104,49,0,1,3
Lucky,2017,88.0,1,0.81,120,73,28,4,1,1
All the Money in the World,2017,132.0,2,0.72,110,98,42,1,1,7
Suburbicon,2017,105.0,2,0.42,70,85,95,1,0,1
It Comes at Night,2017,91.0,1,0.39,69,75,106,1,1,5
Before I Fall,2017,98.0,1,0.78,142,69,39,0,1,2
Lean on Pete,2017,121.0,2,0.72,104,58,40,1,0,0
Take Me,2017,83.0,1,0.68,108,92,50,7,1,1
The Last Movie Star,2017,94.0,1,0.74,115,73,40,1,1,2
Along With the Gods: The Two Worlds,2017,139.0,2,0.72,102,109,39,4,17,3
First Man,2018,141.0,2,0.57,93,86,71,0,1,7
Rampage,1987,97.0,1,0.74,114,95,41,1,1,2
Rampage,2018,107.0,2,0.74,114,95,41,0,1,3
Everybody Knows,2018,133.0,2,0.68,42,31,20,1,15,4
Mid90s,2018,85.0,1,0.76,99,120,31,1,1,1
Replicas,2018,107.0,2,0.57,103,70,77,0,0,2
Widows,2018,129.0,2,0.71,115,89,47,1,0,4
Burning,2018,148.0,2,0.73,119,86,45,4,17,2
Searching,2018,102.0,2,0.71,125,74,51,0,1,2
Life Itself,2018,117.0,2,0.77,148,58,44,1,1,2
Blockers,2018,102.0,2,0.71,118,83,49,1,1,1
The Strangers: Prey at Night,2018,85.0,1,0.52,91,75,84,1,1,5
Peppermint,2018,101.0,2,0.64,113,74,63,1,8,3
Every Day,2018,97.0,1,0.85,152,70,27,0,4,2
Operation Finale,2018,122.0,2,0.68,104,98,48,0,1,7
Shoplifters,2018,121.0,2,0.72,109,98,43,1,21,4
Blindspotting,2018,95.0,1,0.58,97,83,70,1,1,1
The Sisters Brothers,2018,122.0,2,0.73,119,86,45,1,2,4
The Nightingale,2018,136.0,2,0.41,82,51,117,1,3,0
Greta,2018,98.0,1,0.63,110,75,65,1,6,2
I Feel Pretty,2018,110.0,2,0.85,154,68,28,0,7,1
Hotel Artemis,2018,94.0,1,0.71,106,100,44,1,0,3
Slender Man,2018,93.0,1,0.54,82,98,71,0,1,5
Trial by Fire,2018,127.0,2,0.47,36,29,41,1,1,7
American Woman,2018,111.0,2,0.74,31,19,11,1,0,2
Book Club,2018,104.0,2,0.72,136,62,52,0,1,1
Slaughterhouse Rulez,2018,104.0,2,0.59,80,116,55,1,0,3
Sorry to Bother You,2018,112.0,2,0.63,107,79,64,1,1,1
Pacific Rim: Uprising,2018,111.0,2,0.66,106,89,55,0,0,3
Holmes & Watson,2018,90.0,1,0.53,48,35,42,0,1,1
The Darkest Minds,2018,104.0,2,0.62,90,107,54,0,1,3
Cold War,2018,89.0,1,0.76,114,100,36,1,30,2
Truth or Dare,2018,100.0,1,0.68,92,114,44,0,1,5
Alpha,2018,96.0,1,0.76,131,78,41,0,1,3
At Eternity's Gate,2018,111.0,2,0.66,83,125,42,0,6,7
Overboard,1987,112.0,2,0.81,122,101,28,2,1,1
Overboard,2018,112.0,2,0.81,122,101,28,0,1,1
Summer of 84,2018,105.0,2,0.73,16,14,6,4,4,2
Arctic,2018,98.0,1,0.71,122,77,51,0,32,0
A Wrinkle in Time,2018,109.0,2,0.61,102,84,64,2,1,0
London Fields,2018,118.0,2,0.53,87,85,78,1,0,4
Andhadhun,2018,139.0,2,0.77,85,140,25,4,13,4
Hotel Mumbai,2018,123.0,2,0.47,73,95,82,1,3,3
Life of the Party,2018,105.0,2,0.61,110,70,70,0,1,1
American Animals,2018,116.0,2,0.69,119,77,54,1,0,7
The House with a Clock in Its Walls,2018,105.0,2,0.68,110,90,51,2,1,1
Brian Banks,2018,99.0,1,0.45,86,60,104,0,1,7
Gotti,2018,112.0,2,0.64,98,98,54,1,4,7
Destroyer,2018,121.0,2,0.69,111,90,49,1,1,3
We Have Always Lived in the Castle,2018,90.0,1,0.69,55,44,25,4,1,2
The Miseducation of Cameron Post,2018,91.0,1,0.69,111,89,50,4,1,2
Insidious: The Last Key,2018,103.0,2,0.56,82,103,65,0,1,5
Mary Magdalene,2018,120.0,2,0.7,110,93,47,1,0,7
"Don't Worry, He Won't Get Far on Foot",2018,114.0,2,0.73,93,79,34,1,2,7
Can You Ever Forgive Me?,2018,106.0,2,0.84,159,61,30,1,1,7
Unsane,2018,98.0,1,0.57,88,95,67,1,1,2
Boy Erased,2018,115.0,2,0.61,123,48,80,1,3,7
Johnny English Strikes Again,2018,89.0,1,0.72,113,92,45,2,0,3
Skyscraper,2018,102.0,2,0.68,107,92,51,0,1,3
Wildlife,2018,105.0,2,0.68,115,82,53,0,1,2
The Old Man & the Gun,2018,93.0,1,0.78,135,76,39,0,1,7
Forever My Girl,2018,108.0,2,0.89,141,92,18,2,1,1
On the Basis of Sex,2018,120.0,2,0.66,113,80,58,0,1,7
I Want to Eat Your Pancreas,2018,109.0,2,0.55,98,73,79,4,21,8
The Man Who Killed Don Quixote,2018,132.0,2,0.66,98,101,51,4,15,0
The Catcher Was a Spy,2018,94.0,1,0.73,40,30,15,1,1,7
Welcome to Marwen,2018,116.0,2,0.63,112,71,67,0,21,7
Bad Samaritan,2018,110.0,2,0.7,74,33,31,1,1,4
Border,2018,110.0,2,0.74,101,113,36,1,19,4
Gringo,2018,111.0,2,0.63,65,65,38,1,3,3
Assassination Nation,2018,108.0,2,0.7,125,71,54,1,1,3
Unfriended: Dark Web,2018,92.0,1,0.49,66,114,70,1,1,5
The Nutcracker and the Four Realms,2018,99.0,1,0.72,118,87,45,2,1,0
Little Italy,2018,102.0,2,0.6,62,85,41,1,4,1
The Happytime Murders,2018,91.0,1,0.64,98,98,54,1,1,3
